name,description
api-tag-001,created via API 001
api-tag-002,created via API 002
api-tag-003,created via API 003
api-tag-004,created via API 004
api-tag-005,created via API 005
api-tag-006,created via API 006
api-tag-007,created via API 007
api-tag-008,created via API 008
api-tag-009,created via API 009
api-tag-010,created via API 010
api-tag-011,created via API 011
api-tag-012,created via API 012
api-tag-013,created via API 013
api-tag-014,created via API 014
api-tag-015,created via API 015
api-tag-016,created via API 016
api-tag-017,created via API 017
api-tag-018,created via API 018
api-tag-019,created via API 019
api-tag-020,created via API 020
api-tag-021,created via API 021
api-tag-022,created via API 022
api-tag-023,created via API 023
api-tag-024,created via API 024
api-tag-025,created via API 025
